,GRinf_ExpFit,GR50_ExpFit,GEC50_ExpFit,Hill Coefficient_ExpFit,AOC_ExpFit
Paclitaxel,0.747299,0.606133,0.182354,0.428114,0.571061
5FU,0.659916,0.190278,0.238047,0.138687,0.682567
Alpelisib,0.776218,0.385116,0.430896,0.182871,0.48291
Adavosertib,0.055036,0.465879,0.464237,0.689178,0.03225
Doxorubicin,0.460152,0.426852,0.468769,0.254478,0.7972
Alisertib,0.446982,0.663165,0.835694,0.456951,0.277255
Torin2,0.117501,0.123538,0.18405,0.555444,0.087628
Cisplatin,0.602371,0.663523,0.126699,0.731469,0.187998
