,Cisplatin_maxrange_spline,Alisertib_maxrange_spline,Doxorubicin_maxrange_spline,5FU_maxrange_spline,Adavosertib_maxrange_spline,Paclitaxel_maxrange_spline,Torin2_maxrange_spline,Alpelisib_maxrange_spline
Mixed_circadian_mean,-0.6605711073808038,-0.07972878560896492,0.27564671558259374,0.624046680281871,-0.1809207811948461,-0.6852727069455766,0.3795821800055894,0.27482488785772646
Mixed_noise_mean,0.4368769301913508,-0.33402982900736317,-0.19899686584052495,-0.43621181924896224,-0.1715910008650724,0.06590150317952852,-0.1221438730725818,-0.5982977081583071
Mixed_period_median_2d,-0.05847590027632668,0.5846098195500038,0.18572522664548147,-0.04889737677449581,0.21533228942445723,0.2901958207862398,-0.02790645261992025,0.017400037491052695
Mixed_amplitude_median_5d,0.31078399343241586,-0.1558587561279874,-0.43694644402821875,0.15958467880990293,0.31798528557304123,0.40202345077409013,0.2605226677585308,0.46267071099301077
Mixed_autocorr_period,-0.15795322611039686,0.6621780833956658,0.33715074657115596,-0.0581909914368004,0.2074831744470569,0.19394583927330955,-0.00442324333569858,-0.09145755054484347
Mixed_autocorr_peak,-0.7390473261584256,0.03384226719088106,0.3710852988285181,0.4551151239118185,-0.34658608012618686,-0.6978727938685694,0.2178545708552097,-0.01248312205513384
Mixed_ridgelength_median,-0.6678704248034787,0.22222945524426294,0.5201254544843247,0.06515224094227053,-0.3528058700186397,-0.299898710542517,-0.12049974724162495,-0.22797175514440796
