,Cisplatin_maxrange_spline,Alisertib_maxrange_spline,Doxorubicin_maxrange_spline,5FU_maxrange_spline,Adavosertib_maxrange_spline,Paclitaxel_maxrange_spline,Torin2_maxrange_spline,Alpelisib_maxrange_spline
Per2_circadian_mean,-0.4073126180277477,-0.3263613011005963,0.08532666607871,0.28280340663546616,-0.18806985561724673,-0.6160859780207059,0.42115186510589175,-0.09918101607636372
Per2_noise_mean,0.2560737798009029,-0.05165730562642794,-0.27996477056528385,0.031182128074670797,-0.017092766634182095,-0.02940245766523756,0.14747369039881986,-0.1463224380014951
Per2_period_median_2d,-0.03680873582706762,0.2623146948312454,-0.13826578356454663,-0.010189850994221686,0.04369897510205702,0.18932372306099932,-0.03038115193240894,0.0669010111573432
Per2_amplitude_median_5d,0.43878116100823605,-0.07034803816572945,-0.11599321647359523,0.2013511644477178,0.4675523687297598,0.5352211514002747,0.07390675856622166,0.6937087705400103
Per2_autocorr_period,0.055449574432565346,0.5145076823957636,0.1847591198295314,0.023047916942292888,0.1663062641551406,0.33714871427741494,-0.1450569739940166,0.12748772548134768
Per2_autocorr_peak,-0.5512479150313226,-0.289437436343133,0.09141946373810778,0.29917339923077685,-0.5464728168305477,-0.7868794699301764,0.10646848628645818,-0.19633053524497313
Per2_ridgelength_median,-0.5041007119406469,0.2802355591120746,0.3557979164273922,-0.12650282929148554,-0.40023098196120305,-0.24160133595519567,-0.23349846011194272,-0.5032664732869403
