,Adavosertib_maxrange_spline,5FU_maxrange_spline,Alpelisib_maxrange_spline,Cisplatin_maxrange_spline,Torin2_maxrange_spline,Paclitaxel_maxrange_spline,Alisertib_maxrange_spline,Doxorubicin_maxrange_spline
DoublingTime,-0.5973055717818614,-0.06450015624919025,-0.3390350144115805,-0.35480899591373793,-0.39166962873166233,-0.549507721581477,0.045956093952415275,0.02891892663155859
GrowthRateExpFit,0.5313553225731584,0.08945698341908861,0.45525508253023805,0.5845532672809906,0.17739599665893213,0.6034302613902431,-0.127084171275588,-0.08073663951793413
