,GRinf_ExpFit,GR50_ExpFit,GEC50_ExpFit,Hill Coefficient_ExpFit,AOC_ExpFit
Paclitaxel,-0.199808,0.314612,-0.70637,0.466702,0.343785
5FU,0.270435,-0.697631,-0.646933,0.756696,-0.252004
Alpelisib,-0.176682,-0.505348,-0.464233,-0.817129,0.418699
Adavosertib,0.870192,0.433484,0.434916,0.246643,-0.90947
Doxorubicin,-0.438482,-0.467824,-0.430968,0.630164,0.159964
Alisertib,-0.450028,-0.267785,0.129408,-0.441282,0.607391
Torin2,0.705265,0.697346,0.62557,0.305914,-0.747436
Cisplatin,-0.241175,0.202316,0.633427,-0.160227,-0.563205
