,Adavosertib_maxrange_spline,5FU_maxrange_spline,Alpelisib_maxrange_spline,Cisplatin_maxrange_spline,Torin2_maxrange_spline,Paclitaxel_maxrange_spline,Alisertib_maxrange_spline,Doxorubicin_maxrange_spline
Bmal1_circadian_mean,-0.19161463123546882,0.6577092750267141,0.400990682863647,-0.6762903258381893,0.21958661767094254,-0.5897305268723887,0.05487171027064951,0.33903940883458167
Bmal1_noise_mean,-0.11171736742110792,-0.4401606480370176,-0.5704471057643521,0.47400717121047914,-0.1154182266806931,0.12365712727215361,-0.29299137006498654,-0.19867342474662983
Bmal1_period_median_2d,0.47020967724093987,0.13904497892635412,0.12349571394979501,-0.2287458715287605,0.22246099649705425,0.2701060829947101,0.8039903866116448,0.7121469827926359
Bmal1_amplitude_median_5d,0.400745511484767,0.7759060208806046,0.8510965686367753,0.13284062450499193,0.49361211412796463,0.08409188743787817,0.03423744039966732,-0.2064057560590153
Bmal1_autocorr_period_median,0.411121713858958,0.10039404036501329,0.054019652955176696,-0.1932744868205997,0.1753025157324817,0.23630673824861523,0.748206141507899,0.703897539531159
Bmal1_autocorr_peak_median,-0.10347624465202605,0.5358858021197124,0.18804923938129778,-0.7596789126317853,0.27777252061582747,-0.5077172096454573,0.2847991744005749,0.6060970173991042
Bmal1_ridgelength_median,-0.04317576315600671,0.24021410438070964,0.16201550727223007,-0.5785384973245917,0.08056838408300716,-0.1464323066376822,0.21354585405461826,0.6949188614714867
